h,mae,rmse,mape_percent,train_end
6,0.2285228880898689,0.3799308993024482,7732027693.02054,2014-07-01
