h,mae,rmse,mape_percent,train_end
6,16.907025767689795,21.087684223101213,44.326935454554004,2014-09-01
