h,mae,rmse,mape_percent,train_end
6,75.85918650109231,91.76489908350483,58.38067293943375,2014-09-01
