h,mae,rmse,mape_percent,train_end
6,41.37362277901706,56.6684970171421,36.88619956738302,2014-09-01
