h,mae,rmse,mape_percent,train_end
6,16.944714566455833,19.619971580320247,38.73913784423505,2014-09-01
