h,mae,rmse,mape_percent,train_end
6,11.810642898425343,16.885850702375993,21.19061378882915,2014-09-01
