h,mae,rmse,mape_percent,train_end
6,11.727502766907369,15.473562524224075,40.86564692631296,2014-09-01
