h,mae,rmse,mape_percent,train_end
6,17.596936986729514,22.90399832045787,37.64135198589303,2014-09-01
