h,mae,rmse,mape_percent,train_end
6,17.11643436202394,23.20864274938745,36.102140479705255,2014-09-01
