h,mae,rmse,mape_percent,train_end
6,10.345014523994388,13.995701295347144,31.68069118128604,2014-09-01
