h,mae,rmse,mape_percent,train_end
6,45.52938602488814,49.093253293355076,51.7148715946165,2014-09-01
