h,mae,rmse,mape_percent,train_end
6,14.128686263155528,14.784874608338978,73.43725432203063,2014-09-01
