,stat,pvalue
12,24.385699591346334,0.018017644824183
24,50.06135682071364,0.001390742305445785
