lm_stat,lm_pvalue,f_stat,f_pvalue,nlags
24.88538669942257,0.015375426286996612,2.4108927225840606,0.009700689432470308,12
