lm_stat,lm_pvalue,f_stat,f_pvalue,nlags
19.533684359003427,0.07643742982042996,1.7831473199745032,0.06642595411566736,12
