stat,pvalue
1.0112168419899477,0.6031385016433888
