mu,omega,alpha[1],beta[1]
0.8821681751971818,1846.2804117568166,0.26649256483568395,0.45757708078116816
