stat,pvalue
3.8946081528673306,0.1426581490981665
