,stat,pvalue
12,27.59304485807225,0.006342053679897476
24,45.71951499316967,0.004783399071678469
