mu,omega,alpha[1],beta[1]
-0.44111961976398006,869.7522826094217,0.41597834901609126,0.5039731604181259
