lm_stat,lm_pvalue,f_stat,f_pvalue,nlags
34.662796476787996,0.0005298402925129937,3.943122734572268,8.883481359223401e-05,12
