,stat,pvalue
12,32.19885234888053,0.001289284257926383
24,46.93240016285822,0.0034140471391204083
