,stat,pvalue
12,21.798382586239875,0.039842576887273905
24,31.154843644937404,0.1493679890654703
