lm_stat,lm_pvalue,f_stat,f_pvalue,nlags
15.718627833615692,0.20446594599330806,1.3542432851942754,0.20487528897539942,12
