lm_stat,lm_pvalue,f_stat,f_pvalue,nlags
15.833958534627387,0.1989599835057225,1.3650068116547953,0.19886746198782912,12
