mu,omega,alpha[1],beta[1]
6.112850106418557,6788.824316301811,0.35842272049989127,0.11016105699608993
