stat,pvalue
3.4822978910787037,0.17531885304140818
