stat,pvalue
1.9214079857697544,0.3826234269674563
