,stat,pvalue
12,14.18883760081858,0.2888124028812647
24,23.00503306790894,0.519500986557323
