mu,omega,alpha[1],beta[1]
3.8044848974187575,533.827797857946,0.35365263935319297,0.1223271558286279
