lm_stat,lm_pvalue,f_stat,f_pvalue,nlags
22.845219870193553,0.029069087881870653,2.163529597976496,0.021115320777539654,12
