,stat,pvalue
12,26.058385375017274,0.01053154874074383
24,36.83852948964466,0.045409885349843755
