stat,pvalue
4.474490007064928,0.106752201564347
