mu,omega,alpha[1],beta[1]
1.1578057896905338,1628.0453218566918,0.48914849408499916,0.2529582117161069
