,stat,pvalue
12,30.215443702228757,0.002591222673937909
24,40.10337662625533,0.02084652692591891
