mu,omega,alpha[1],beta[1]
-2.7677514205051432,4747.343547318765,0.3713126875324331,0.1453760904719679
