stat,pvalue
3.844520903390934,0.14627593844670977
