lm_stat,lm_pvalue,f_stat,f_pvalue,nlags
22.250377157610675,0.034807635312037115,2.080628685474402,0.02661173640976478,12
