stat,pvalue
29.138948879462763,4.704978536731002e-07
