lm_stat,lm_pvalue,f_stat,f_pvalue,nlags
31.35607834628946,0.001738031115319309,3.3220806243633043,0.0005473705830208632,12
