,stat,pvalue
12,12.592441054059107,0.3993459347701281
24,20.380466743203108,0.674946993864737
