stat,pvalue
4.185718083498357,0.12333401416762428
