stat,pvalue
0.9090665735753743,0.6347441423062616
