,stat,pvalue
12,19.385621391203284,0.07963756954474302
24,37.16010234186232,0.042176504789998924
