,stat,pvalue
12,19.093339401249303,0.0863006596105202
24,24.60441412964081,0.427505031726816
