lm_stat,lm_pvalue,f_stat,f_pvalue,nlags
17.63363497142089,0.12727587434280377,1.5552614102396933,0.12105455468706695,12
