mu,omega,alpha[1],beta[1]
2.442897383628214,295.29054796560047,0.089042776603827,0.8545263475718111
