lm_stat,lm_pvalue,f_stat,f_pvalue,nlags
8.927616181103142,0.7091002371008595,0.7099538439589628,0.7377727188044185,12
