mu,omega,alpha[1],beta[1]
0.6845064590038018,130.19830925584677,0.0745852197523899,0.8685568991671673
