mu,omega,alpha[1],beta[1]
-1.1988801573629426,1290.5674123777733,0.8613196866019874,0.12405452380087033
