stat,pvalue
43.068647131091645,4.4438777588723384e-10
