mu,omega,alpha[1],beta[1]
-2.1716848829981514,5628.294810790656,0.2343541684709148,0.251208099327484
