,stat,pvalue
12,17.969843136475497,0.11660925983807593
24,26.220690853186063,0.3420627282004925
