mu,omega,alpha[1],beta[1]
1.0900229526244938,695.9322488593099,0.14614946085539723,0.747510361754451
