lm_stat,lm_pvalue,f_stat,f_pvalue,nlags
20.170505991055197,0.06392852857968516,1.835736172462083,0.05489972407525038,12
