mu,omega,alpha[1],beta[1]
5.278916300612027,1635.7445891139027,0.4457376924038575,0.36670661388670234
