stat,pvalue
2.4255383973346127,0.29737265422357395
