stat,pvalue
0.24153238547435457,0.8862411449875172
